PageNumber,AreaName,Quantity,Shape,Size,Length,WeightFT,WeightEA,TopOfSteel,GUID
15,BLDG 1 - Partial Roof Framing Plan - Area A,1,W,W27X84,38.0,84.0,3192.0,1,b_1HKsX5Bt9EXeENMZEuCz_F
15,BLDG 1 - Partial Roof Framing Plan - Area A,1,W,W27X84,30.0,84.0,2520.0,1,b_0zROQmpY97vBn5guslhCsD
15,BLDG 1 - Partial Roof Framing Plan - Area A,1,W,W24X76,31.0,76.0,2356.0,1,b_0OmzABOyfBF9rl9$Xaqidj
15,BLDG 1 - Partial Roof Framing Plan - Area A,1,W,W24X76,29.0,76.0,2204.0,1,b_2bhIrnf1XADgQrf4jNScBD
15,BLDG 1 - Partial Roof Framing Plan - Area A,1,W,W24X62,29.0,62.0,1798.0,1,b_3abwPQ4IvAp9tfGmY1sCf7
15,BLDG 1 - Partial Roof Framing Plan - Area A,1,W,W24X62,30.0,62.0,1860.0,1,b_3r02TisgzAK91oTB8tYf0P
15,BLDG 1 - Partial Roof Framing Plan - Area A,1,W,W24X62,30.0,62.0,1860.0,1,b_2eHHp8zQLAA9ryiUBMmS98
15,BLDG 1 - Partial Roof Framing Plan - Area A,1,W,W24X62,30.0,62.0,1860.0,1,b_0_O7l8bqD3wu9cruQVGgOu
15,BLDG 1 - Partial Roof Framing Plan - Area A,1,W,W24X55,26.490000000000002,55.0,1456.95,1,b_2Nbyg3EU51f8eK6Yr6$p9n
15,BLDG 1 - Partial Roof Framing Plan - Area A,1,W,W21X48,30.0,48.0,1440.0,1,b_3P4WkfPGH4NQuWVlpRAycc
15,BLDG 1 - Partial Roof Framing Plan - Area A,1,W,W21X48,29.92,48.0,1436.16,1,b_22Bkrs9K1Dyg1BrqA4z4R2
15,BLDG 1 - Partial Roof Framing Plan - Area A,1,W,W18X50,25.0,50.0,1250.0,1,b_0OvWY0tbf89QdMnKreUAJX
15,BLDG 1 - Partial Roof Framing Plan - Area A,1,W,W18X40,22.95,40.0,918.0,1,b_3NGots8NDA49GACmxpHt$W
15,BLDG 1 - Partial Roof Framing Plan - Area A,1,W,W18X40,18.509999999999998,40.0,740.4,1,b_31SMYa6wb5I9yMQo7mMPQs
15,BLDG 1 - Partial Roof Framing Plan - Area A,1,W,W18X40,30.0,40.0,1200.0,1,b_3Dy26eyjT1RxZqa1nOwiwg
15,BLDG 1 - Partial Roof Framing Plan - Area A,1,W,W18X40,18.869999999999997,40.0,754.8,1,b_08JY0ODLHBYgH8_F9z9go7
15,BLDG 1 - Partial Roof Framing Plan - Area A,1,W,W16X40,19.919999999999998,40.0,796.8,1,b_1ose6cYVv6pf6ycWUPt_nB
15,BLDG 1 - Partial Roof Framing Plan - Area A,1,W,W16X40,19.919999999999998,40.0,796.8,1,b_2V$cVlmaTChvAqsDQtH43m
15,BLDG 1 - Partial Roof Framing Plan - Area A,1,W,W16X26,17.44,26.0,453.44,1,b_0ZYDPY52rEo9ELIl8la4Ec
15,BLDG 1 - Partial Roof Framing Plan - Area A,1,W,W16X26,16.2,26.0,421.2,1,b_3wE8KfENH8cRd3AwnRMse0
15,BLDG 1 - Partial Roof Framing Plan - Area A,1,W,W14X22,10.0,22.0,220.0,1,b_08E5cu6jL7V8dpKnqFtxJS
15,BLDG 1 - Partial Roof Framing Plan - Area A,1,W,W14X22,10.03,22.0,220.66,1,b_0kebhfnx9DB832jkHDUmyb
15,BLDG 1 - Partial Roof Framing Plan - Area A,1,W,W14X22,7.76,22.0,170.72,1,b_3PLmMC16nDlODBDPFvBCnJ
15,BLDG 1 - Partial Roof Framing Plan - Area A,1,W,W14X22,7.77,22.0,170.94,1,b_3RrrlFFZn4Cvd2u7Dcs5$W
15,BLDG 1 - Partial Roof Framing Plan - Area A,1,W,W10X22,3.1599999999999997,22.0,69.52,1,b_2qWHkjm4b44R6X5b31TZVA
15,BLDG 1 - Partial Roof Framing Plan - Area A,1,W,W10X22,4.3,22.0,94.6,1,b_1vMk_lVeP0PQMKuIx4lGJb
15,BLDG 1 - Partial Roof Framing Plan - Area A,1,W,W10X22,4.93,22.0,108.46,1,b_1yTJaEtwHCNBzpAkd5I0ES
15,BLDG 1 - Partial Roof Framing Plan - Area A,1,W,W10X22,6.77,22.0,148.94,1,b_0avOWu_HrAtheDRITgGp9c
15,BLDG 1 - Partial Roof Framing Plan - Area A,1,W,W10X22,16.92,22.0,372.24,1,b_2Yb5SVtoD3vv2$0Vc29cYB
15,BLDG 1 - Partial Roof Framing Plan - Area A,1,W,W10X22,16.92,22.0,372.24,1,b_0A7_RoxcT9S81PXKreum2S
15,BLDG 1 - Partial Roof Framing Plan - Area A,1,W,W10X22,16.92,22.0,372.24,1,b_1r5UsvoPHB9w$_9zO4Wxqg
15,BLDG 1 - Partial Roof Framing Plan - Area A,1,W,W10X22,16.92,22.0,372.24,1,b_3D6H$dlnj5qApdVEcjkCZZ
15,BLDG 1 - Partial Roof Framing Plan - Area A,1,W,W10X22,16.92,22.0,372.24,1,b_1NVhI39Jb53htgIeTIxCwU
15,BLDG 1 - Partial Roof Framing Plan - Area A,1,W,W10X22,16.92,22.0,372.24,1,b_30LCy8EcX7Twb3D5aXi1Yf
15,BLDG 1 - Partial Roof Framing Plan - Area A,1,W,W10X22,7.390000000000001,22.0,162.58,1,b_2dDoVsLAjD_v8g$Vay1aw4
15,BLDG 1 - Partial Roof Framing Plan - Area A,1,W,W8X10,5.76,10.0,57.6,1,b_2__kccXFrEuhS5D0uJIeSb
15,BLDG 1 - Partial Roof Framing Plan - Area A,1,W,W8X10,5.76,10.0,57.6,1,b_2wV3BoGS96XQtlSMTTsliv
15,BLDG 1 - Partial Roof Framing Plan - Area A,1,W,W8X10,5.76,10.0,57.6,1,b_29tdcVRtj8eRtBQlbjBGf2
15,BLDG 1 - Partial Roof Framing Plan - Area A,1,W,W8X10,5.7700000000000005,10.0,57.7,1,b_0KNorVxQX9hv5nuPIbD3Wx
15,BLDG 1 - Partial Roof Framing Plan - Area A,1,W,W8X10,5.7700000000000005,10.0,57.7,1,b_17ipue5a17uubDTy_J3DBy
15,BLDG 1 - Partial Roof Framing Plan - Area A,1,W,W8X10,5.7700000000000005,10.0,57.7,1,b_1Z2Yn6va98GR3oj0JQP_jO
15,BLDG 1 - Partial Roof Framing Plan - Area A,1,W,W8X10,5.7700000000000005,10.0,57.7,1,b_0HdDQ8BK97jeDTN$mP6jhp
15,BLDG 1 - Partial Roof Framing Plan - Area A,1,W,W8X10,5.7700000000000005,10.0,57.7,1,b_1rpPG$m5r5ExY4tokxHDGp
15,BLDG 1 - Partial Roof Framing Plan - Area A,1,W,W8X10,5.7700000000000005,10.0,57.7,1,b_2YZJQl5D53oBhY3gnmMATX
15,BLDG 1 - Partial Roof Framing Plan - Area A,1,W,W8X10,5.7700000000000005,10.0,57.7,1,b_3cjJMTHbLDPAvLsK_tp9NU
15,BLDG 1 - Partial Roof Framing Plan - Area A,1,W,W8X10,5.7700000000000005,10.0,57.7,1,b_0OCL76Q8b8yOodkhOtT8Pc
15,BLDG 1 - Partial Roof Framing Plan - Area A,1,W,W8X10,5.7700000000000005,10.0,57.7,1,b_07h1rrWg11hfNUItpSWfoy
15,BLDG 1 - Partial Roof Framing Plan - Area A,1,W,W8X10,5.7700000000000005,10.0,57.7,1,b_3tTx3I_DL2b9oKgeLtxIig
15,BLDG 1 - Partial Roof Framing Plan - Area A,1,W,W8X10,5.7700000000000005,10.0,57.7,1,b_1NkbkrzCX0Nh7upAlyIPWJ
15,BLDG 1 - Partial Roof Framing Plan - Area A,1,W,W8X10,5.7700000000000005,10.0,57.7,1,b_2fD3qrma9EmvsvdzKyHsAF
15,BLDG 1 - Partial Roof Framing Plan - Area A,1,W,W8X10,5.76,10.0,57.6,1,b_1zceQBukfFl9H65ITHyDgk
15,BLDG 1 - Partial Roof Framing Plan - Area A,1,W,W8X10,5.76,10.0,57.6,1,b_1ygki3dzHEwf7zEfSvL8QI
15,BLDG 1 - Partial Roof Framing Plan - Area A,1,W,W8X10,5.76,10.0,57.6,1,b_2uPD$7ypb1mRcn_my1s_6R
15,BLDG 1 - Partial Roof Framing Plan - Area A,1,W,W8X10,5.64,10.0,56.4,1,b_1kW1u$CJ5F7BcSO12pRl4i
15,BLDG 1 - Partial Roof Framing Plan - Area A,1,W,W8X10,5.64,10.0,56.4,1,b_3Q8iys0Q9EHPgpv9ZK7jg$
15,BLDG 1 - Partial Roof Framing Plan - Area A,1,W,W8X10,5.64,10.0,56.4,1,b_3l9C2o7eXDmwdHO9bocQQ8
,,1,W,W24X68,11.81,68.0,803.08,,None
16,BLDG 1 Partial Roof Framing Plan - Area 2 ,1,W,W27X84,40.25,84.0,3381.0,1,b_1MPCpuTs94ve8ykjGviGby
16,BLDG 1 Partial Roof Framing Plan - Area 2 ,1,W,W24X68,30.0,68.0,2040.0,1,b_2yok_4Yuj4A8JLgUxmcSVj
16,BLDG 1 Partial Roof Framing Plan - Area 2 ,1,W,W24X68,30.0,68.0,2040.0,1,b_2n0LpDGqD9shoYDbF0oRFB
16,BLDG 1 Partial Roof Framing Plan - Area 2 ,1,W,W24X68,30.0,68.0,2040.0,1,b_2dDl0iH4911wnRJehF0qf3
16,BLDG 1 Partial Roof Framing Plan - Area 2 ,1,W,W24X55,30.0,55.0,1650.0,1,b_2v_z9E1_v96OUGi$1BJgGe
16,BLDG 1 Partial Roof Framing Plan - Area 2 ,1,W,W24X55,30.0,55.0,1650.0,1,b_0p_RDgDjXCMRzrjBdye0Px
16,BLDG 1 Partial Roof Framing Plan - Area 2 ,1,W,W24X55,30.0,55.0,1650.0,1,b_30DchoGQz4yuvHUQdDkYtr
16,BLDG 1 Partial Roof Framing Plan - Area 2 ,1,W,W24X55,30.0,55.0,1650.0,1,b_2o1rnu$kH5qfb113Sq3xzk
16,BLDG 1 Partial Roof Framing Plan - Area 2 ,1,W,W24X55,26.75,55.0,1471.25,1,b_3R8ZnwlXP079ANbvaRIl0c
16,BLDG 1 Partial Roof Framing Plan - Area 2 ,1,W,W24X55,29.22,55.0,1607.1,1,b_0z1FC305n4X9L2lRgto9pH
16,BLDG 1 Partial Roof Framing Plan - Area 2 ,1,W,W24X55,30.0,55.0,1650.0,1,b_0Q8stBhz93l8h9zmQkrBef
16,BLDG 1 Partial Roof Framing Plan - Area 2 ,1,W,W24X55,29.22,55.0,1607.1,1,b_2nx7tfdNLB0RP_WdZKEErY
16,BLDG 1 Partial Roof Framing Plan - Area 2 ,1,W,W24X55,30.0,55.0,1650.0,1,b_3tdL3mEyj6FPSCRm3gzGYE
16,BLDG 1 Partial Roof Framing Plan - Area 2 ,1,W,W24X55,29.22,55.0,1607.1,1,b_0hUJXa3kjFAQNQlIsCoNhG
16,BLDG 1 Partial Roof Framing Plan - Area 2 ,1,W,W24X55,30.0,55.0,1650.0,1,b_0Y$NGj_$zA$f9PxgnoVJc8
16,BLDG 1 Partial Roof Framing Plan - Area 2 ,1,W,W24X55,29.22,55.0,1607.1,1,b_1SK9PTkjr8Yh$a3ZsC6wcH
16,BLDG 1 Partial Roof Framing Plan - Area 2 ,1,W,W24X55,30.0,55.0,1650.0,1,b_3bWynFJDfBIvTE3P7Xgns3
16,BLDG 1 Partial Roof Framing Plan - Area 2 ,1,W,W24X55,30.0,55.0,1650.0,1,b_1bIotAZc59iP23B9ESVkSH
16,BLDG 1 Partial Roof Framing Plan - Area 2 ,1,W,W14X22,7.77,22.0,170.94,1,b_3pJUqx9tv11Bx0kYmc$6A8
16,BLDG 1 Partial Roof Framing Plan - Area 2 ,1,W,W14X22,7.77,22.0,170.94,1,b_0DRe14Cmv9b9eOHLItxYgo
24,BLDG 2 - Partial Second Floor Framing Plan - Area 1 ,1,W,W27X84,42.19,84.0,3543.96,1,b_3y1TbgTWj1pxn837L_SIwF
24,BLDG 2 - Partial Second Floor Framing Plan - Area 1 ,1,W,W24X84,28.72,84.0,2412.48,1,b_1DrFzhR1z9gPWzSja_LZnJ
24,BLDG 2 - Partial Second Floor Framing Plan - Area 1 ,1,W,W24X84,30.0,84.0,2520.0,1,b_2atODXX_5FluhlnhCv2OBE
24,BLDG 2 - Partial Second Floor Framing Plan - Area 1 ,1,W,W24X84,30.0,84.0,2520.0,1,b_3AmBnmWXnDaxtHdK$e4L1e
24,BLDG 2 - Partial Second Floor Framing Plan - Area 1 ,1,W,W24X84,30.0,84.0,2520.0,1,b_11DVakTKjCigMdAWSwvXw$
24,BLDG 2 - Partial Second Floor Framing Plan - Area 1 ,1,W,W24X76,28.73,76.0,2183.48,1,b_19sfjqRK59rextC6fBj4C6
24,BLDG 2 - Partial Second Floor Framing Plan - Area 1 ,1,W,W24X68,30.0,68.0,2040.0,1,b_1g2NmU6I96dRZYtVSx6mm6
24,BLDG 2 - Partial Second Floor Framing Plan - Area 1 ,1,W,W24X68,30.0,68.0,2040.0,1,b_3KBUywbM13DgmR2WxwBsnV
24,BLDG 2 - Partial Second Floor Framing Plan - Area 1 ,1,W,W24X68,30.0,68.0,2040.0,1,b_1EtHyq25PD$8DGYYhN4gMm
24,BLDG 2 - Partial Second Floor Framing Plan - Area 1 ,1,W,W24X68,30.0,68.0,2040.0,1,b_29xDxX_tr8WP9g9gh9i0af
24,BLDG 2 - Partial Second Floor Framing Plan - Area 1 ,1,W,W24X68,30.0,68.0,2040.0,1,b_2NECVwRkz2R9I$ufCwmIsF
24,BLDG 2 - Partial Second Floor Framing Plan - Area 1 ,1,W,W24X55,19.53,55.0,1074.15,1,b_2JtdH5ptT85AGVU$cTArkG
24,BLDG 2 - Partial Second Floor Framing Plan - Area 1 ,1,W,W21X44,45.0,44.0,1980.0,1,b_1MP_SzWPf9vARJdKmBvdRE
24,BLDG 2 - Partial Second Floor Framing Plan - Area 1 ,1,W,W21X44,45.0,44.0,1980.0,1,b_06OdV8m3P7mA1pLqSnu8ht
24,BLDG 2 - Partial Second Floor Framing Plan - Area 1 ,1,W,W21X44,45.0,44.0,1980.0,1,b_1xYZ8ClKX58ADyeBYoh4FA
24,BLDG 2 - Partial Second Floor Framing Plan - Area 1 ,1,W,W21X44,45.0,44.0,1980.0,1,b_1bgQl9iZTAKw9DK1L7I_2C
24,BLDG 2 - Partial Second Floor Framing Plan - Area 1 ,1,W,W21X44,45.0,44.0,1980.0,1,b_2zv$mFqyPB1AbCE7a3jOuy
24,BLDG 2 - Partial Second Floor Framing Plan - Area 1 ,1,W,W21X44,45.0,44.0,1980.0,1,b_02XUa2qCjAyBKmk7Fdi97S
24,BLDG 2 - Partial Second Floor Framing Plan - Area 1 ,1,W,W21X44,45.0,44.0,1980.0,1,b_24oPBeJJnCY9PA$gshF_eX
24,BLDG 2 - Partial Second Floor Framing Plan - Area 1 ,1,W,W21X44,45.0,44.0,1980.0,1,b_3CalskeOf8VgenBQ5IQoNU
24,BLDG 2 - Partial Second Floor Framing Plan - Area 1 ,1,W,W21X44,45.0,44.0,1980.0,1,b_333IFYN41AaA7v1JmX3UXz
24,BLDG 2 - Partial Second Floor Framing Plan - Area 1 ,1,W,W21X44,45.0,44.0,1980.0,1,b_1ezQsV6gX9aAstLrUAg62P
24,BLDG 2 - Partial Second Floor Framing Plan - Area 1 ,1,W,W21X44,45.0,44.0,1980.0,1,b_2gcJ6GvJn7FfQN28bHa0ke
24,BLDG 2 - Partial Second Floor Framing Plan - Area 1 ,1,W,W21X44,45.0,44.0,1980.0,1,b_21gKv1RfX2RByLOmKMDL_1
24,BLDG 2 - Partial Second Floor Framing Plan - Area 1 ,1,W,W21X44,45.0,44.0,1980.0,1,b_13MHEl5Kv6kvwLAKGVrQHY
24,BLDG 2 - Partial Second Floor Framing Plan - Area 1 ,1,W,W21X44,45.0,44.0,1980.0,1,b_3YXKxxh2z1EPq7GzKY0hEP
24,BLDG 2 - Partial Second Floor Framing Plan - Area 1 ,1,W,W21X44,45.0,44.0,1980.0,1,b_1Rv9SawzHCuAZSpVbWHW97
24,BLDG 2 - Partial Second Floor Framing Plan - Area 1 ,1,W,W21X44,45.0,44.0,1980.0,1,b_1BmaQUTzzBZhYcm_A4Ox22
24,BLDG 2 - Partial Second Floor Framing Plan - Area 1 ,1,W,W21X44,45.0,44.0,1980.0,1,b_1rhnOil592T8kAQ8bFinIm
24,BLDG 2 - Partial Second Floor Framing Plan - Area 1 ,1,W,W21X44,45.0,44.0,1980.0,1,b_3xHK2Xza13w9jwzdnwqOIz
24,BLDG 2 - Partial Second Floor Framing Plan - Area 1 ,1,W,W21X44,45.0,44.0,1980.0,1,b_3B3vwrCXT43QxpVJIgbVRV
24,BLDG 2 - Partial Second Floor Framing Plan - Area 1 ,1,W,W21X44,45.01,44.0,1980.44,1,b_0wISMbnjvASxS7VbMRJ1pJ
24,BLDG 2 - Partial Second Floor Framing Plan - Area 1 ,1,W,W21X44,45.0,44.0,1980.0,1,b_1uXoMd$fn7yQtdOAZmrnDI
24,BLDG 2 - Partial Second Floor Framing Plan - Area 1 ,1,W,W21X44,45.0,44.0,1980.0,1,b_3FZKokICrA5e3S5r0JLFEY
24,BLDG 2 - Partial Second Floor Framing Plan - Area 1 ,1,W,W21X44,45.0,44.0,1980.0,1,b_2EzjtsSPHCMvU8h4m8OcUs
24,BLDG 2 - Partial Second Floor Framing Plan - Area 1 ,1,W,W21X44,45.0,44.0,1980.0,1,b_3Zh6dZFW99ffK6zmsgCRxj
24,BLDG 2 - Partial Second Floor Framing Plan - Area 1 ,1,W,W21X44,45.0,44.0,1980.0,1,b_1nSgCyTKr3TfJlqJB2wwBQ
24,BLDG 2 - Partial Second Floor Framing Plan - Area 1 ,1,W,W21X44,45.0,44.0,1980.0,1,b_18sJJjrc57IvBRtf7tTAng
24,BLDG 2 - Partial Second Floor Framing Plan - Area 1 ,1,W,W21X44,45.0,44.0,1980.0,1,b_1CCSUuQUT24ef3k5NHuX3C
24,BLDG 2 - Partial Second Floor Framing Plan - Area 1 ,1,W,W21X44,45.0,44.0,1980.0,1,b_2Wn$e29wrCffjY3dZfPU1L
24,BLDG 2 - Partial Second Floor Framing Plan - Area 1 ,1,W,W21X44,45.0,44.0,1980.0,1,b_1hyIvTdErCMuA$tvh6gNhU
24,BLDG 2 - Partial Second Floor Framing Plan - Area 1 ,1,W,W21X44,45.0,44.0,1980.0,1,b_3GYhDHIh5DyxWzjl69$pJy
24,BLDG 2 - Partial Second Floor Framing Plan - Area 1 ,1,W,W21X44,14.52,44.0,638.88,1,b_1z_zlkmkjA4RCPA2GaCMTD
24,BLDG 2 - Partial Second Floor Framing Plan - Area 1 ,1,W,W18X50,42.2,50.0,2110.0,1,b_2ZZHAo$xzA4RhCLD1xyOSA
24,BLDG 2 - Partial Second Floor Framing Plan - Area 1 ,1,W,W18X50,42.2,50.0,2110.0,1,b_3vJsYp38PAIQ4ohXQ$zDuR
24,BLDG 2 - Partial Second Floor Framing Plan - Area 1 ,1,W,W18X50,42.2,50.0,2110.0,1,b_3hrb7XTeDArxbgtW2P61K0
24,BLDG 2 - Partial Second Floor Framing Plan - Area 1 ,1,W,W18X40,30.0,40.0,1200.0,1,b_0G$rMM9ozFTgKceqLTJ8A7
24,BLDG 2 - Partial Second Floor Framing Plan - Area 1 ,1,W,W18X35,16.310000000000002,35.0,570.85,1,b_3g$_26RzrF$RI7S_nuPrXl
24,BLDG 2 - Partial Second Floor Framing Plan - Area 1 ,1,W,W16X31,29.65,31.0,919.15,1,b_3oDg$XpP55RBw9SasHou6B
24,BLDG 2 - Partial Second Floor Framing Plan - Area 1 ,1,W,W16X31,29.65,31.0,919.15,1,b_3dZkoANvnFfwqspx6yT5Gm
24,BLDG 2 - Partial Second Floor Framing Plan - Area 1 ,1,W,W16X31,29.65,31.0,919.15,1,b_3dt_aT3HD32vViwU67ZY4T
24,BLDG 2 - Partial Second Floor Framing Plan - Area 1 ,1,W,W16X31,30.0,31.0,930.0,1,b_0EhuEZNEnCKuxwAHHtfYJZ
24,BLDG 2 - Partial Second Floor Framing Plan - Area 1 ,1,W,W16X31,30.0,31.0,930.0,1,b_0QsuwS$rL5XRrR29pGEHuR
24,BLDG 2 - Partial Second Floor Framing Plan - Area 1 ,1,W,W16X31,37.89,31.0,1174.59,1,b_3cVc46u_T8guaP025o5_rz
24,BLDG 2 - Partial Second Floor Framing Plan - Area 1 ,1,W,W16X31,30.0,31.0,930.0,1,b_0FoHTcE9r3EvEXxEtF5wFJ
24,BLDG 2 - Partial Second Floor Framing Plan - Area 1 ,1,W,W16X31,30.0,31.0,930.0,1,b_2qFQ4b20n9Vuu99JDMsmng
24,BLDG 2 - Partial Second Floor Framing Plan - Area 1 ,1,W,W16X31,30.0,31.0,930.0,1,b_0BKrmAZW50B8Z0R9hyDQP7
24,BLDG 2 - Partial Second Floor Framing Plan - Area 1 ,1,W,W16X31,30.0,31.0,930.0,1,b_2MJAZhGVj8P9PflPOilroO
24,BLDG 2 - Partial Second Floor Framing Plan - Area 1 ,1,W,W16X31,30.0,31.0,930.0,1,b_36$Pv6DQ98tPHgLb$htZP8
24,BLDG 2 - Partial Second Floor Framing Plan - Area 1 ,1,W,W16X31,30.0,31.0,930.0,1,b_3npNqi33rDSABdYCaCEGPd
24,BLDG 2 - Partial Second Floor Framing Plan - Area 1 ,1,W,W16X31,14.47,31.0,448.57,1,b_2hcAusLg9AWQqaphwe_Xm4
24,BLDG 2 - Partial Second Floor Framing Plan - Area 1 ,1,W,W16X26,30.0,26.0,780.0,1,b_08K6L8x4rDNv7PHgsZqpfY
24,BLDG 2 - Partial Second Floor Framing Plan - Area 1 ,1,W,W16X26,30.0,26.0,780.0,1,b_2nACG_ikr26QHFRxetkSq7
24,BLDG 2 - Partial Second Floor Framing Plan - Area 1 ,1,W,W16X26,30.85,26.0,802.1,1,b_3gjSX6lbj4hfcCMKZiySKc
24,BLDG 2 - Partial Second Floor Framing Plan - Area 1 ,1,W,W16X26,25.39,26.0,660.14,1,b_0i2LT_cDj2hADBqsSzIXw_
24,BLDG 2 - Partial Second Floor Framing Plan - Area 1 ,1,W,W16X26,30.0,26.0,780.0,1,b_1fsIfJTjP1R8roVNtViVoM
24,BLDG 2 - Partial Second Floor Framing Plan - Area 1 ,1,W,W16X26,30.0,26.0,780.0,1,b_27h5_9TTH0lg5uc1mEjYXs
24,BLDG 2 - Partial Second Floor Framing Plan - Area 1 ,1,W,W16X26,30.0,26.0,780.0,1,b_0byA7pP018Ih4u1KWdJ4yx
24,BLDG 2 - Partial Second Floor Framing Plan - Area 1 ,1,W,W16X26,30.0,26.0,780.0,1,b_1f_o194WP2desw4XgbJUAQ
24,BLDG 2 - Partial Second Floor Framing Plan - Area 1 ,1,W,W16X26,30.0,26.0,780.0,1,b_0hwVUHGhL638WMCFXImhcW
24,BLDG 2 - Partial Second Floor Framing Plan - Area 1 ,1,W,W16X26,30.0,26.0,780.0,1,b_2y7EWpYefCZBgg34kE55mi
24,BLDG 2 - Partial Second Floor Framing Plan - Area 1 ,1,W,W16X26,30.0,26.0,780.0,1,b_1WyUGa6abCOvuJRDlAbw9U
24,BLDG 2 - Partial Second Floor Framing Plan - Area 1 ,1,W,W16X26,30.0,26.0,780.0,1,b_16EnP3lgb7dAFt3JTkF0Ax
24,BLDG 2 - Partial Second Floor Framing Plan - Area 1 ,1,W,W16X26,30.0,26.0,780.0,1,b_0YjLd2Eu93mR9NTw202QAa
24,BLDG 2 - Partial Second Floor Framing Plan - Area 1 ,1,W,W16X26,30.0,26.0,780.0,1,b_3fqODjP794Sft0immp_19t
24,BLDG 2 - Partial Second Floor Framing Plan - Area 1 ,1,W,W16X26,30.0,26.0,780.0,1,b_2wT7sPGkv9Gx0K87NNrRfg
24,BLDG 2 - Partial Second Floor Framing Plan - Area 1 ,1,W,W16X26,30.0,26.0,780.0,1,b_24yo8G6h5CdO8GEFeAodka
24,BLDG 2 - Partial Second Floor Framing Plan - Area 1 ,1,W,W16X26,25.39,26.0,660.14,1,b_1kC$aAp7T6o8ULxgGMyyUP
24,BLDG 2 - Partial Second Floor Framing Plan - Area 1 ,1,W,W16X26,25.39,26.0,660.14,1,b_39fSYiXmjFQRAkwvfA3seR
24,BLDG 2 - Partial Second Floor Framing Plan - Area 1 ,1,W,W16X26,25.39,26.0,660.14,1,b_0Chzv5YXPDO8E3PIYjWjsG
24,BLDG 2 - Partial Second Floor Framing Plan - Area 1 ,1,W,W16X26,30.85,26.0,802.1,1,b_1FLnKIN0fEiOaOgombPE8L
24,BLDG 2 - Partial Second Floor Framing Plan - Area 1 ,1,W,W16X26,28.07,26.0,729.82,1,b_04gHogXuL00u7eemGInzQU
24,BLDG 2 - Partial Second Floor Framing Plan - Area 1 ,1,W,W16X26,30.0,26.0,780.0,1,b_2c_HF1oKrC1vGp474mmpLR
24,BLDG 2 - Partial Second Floor Framing Plan - Area 1 ,1,W,W16X26,30.0,26.0,780.0,1,b_3xzffgRgv4dRf_COu8Re6w
24,BLDG 2 - Partial Second Floor Framing Plan - Area 1 ,1,W,W12X14,14.290000000000001,14.0,200.06,1,b_1norLmQBn2Jxcqi2EKLdZq
24,BLDG 2 - Partial Second Floor Framing Plan - Area 1 ,1,W,W12X14,14.290000000000001,14.0,200.06,1,b_2z4yTTCG1CdO_$nk7uzhc3
24,BLDG 2 - Partial Second Floor Framing Plan - Area 1 ,1,W,W12X14,14.290000000000001,14.0,200.06,1,b_3kk16VIlXDyOAY0ps4WX0K
24,BLDG 2 - Partial Second Floor Framing Plan - Area 1 ,1,W,W10X12,13.450000000000001,12.0,161.4,1,b_21FyzNny52i8fRR5u6_k_p
,,1,W,W24X84,28.53,84.0,2396.52,,None
,,1,W,W24X84,29.75,84.0,2499.00,,None
25,BLDG 2 - Partial Second Floor Framing Plan - Area 2,1,W,W24X84,32.29,84.0,2712.36,1,b_0iuMTuPa5A4h9pAGYEtleB
25,BLDG 2 - Partial Second Floor Framing Plan - Area 2,1,W,W24X68,30.0,68.0,2040.0,1,b_22wM7k3Xr7KwZRMC8nVFT1
25,BLDG 2 - Partial Second Floor Framing Plan - Area 2,1,W,W24X68,30.0,68.0,2040.0,1,b_0dqDOeXmbDQ800PydjLrvT
25,BLDG 2 - Partial Second Floor Framing Plan - Area 2,1,W,W24X68,30.0,68.0,2040.0,1,b_1DPJc7X_5EBxhNA3BZWN27
25,BLDG 2 - Partial Second Floor Framing Plan - Area 2,1,W,W24X68,30.0,68.0,2040.0,1,b_0_IBscuyH8VBivgxw4spRF
25,BLDG 2 - Partial Second Floor Framing Plan - Area 2,1,W,W24X68,30.0,68.0,2040.0,1,b_0jAroW8kP1teie8$Vl95g$
25,BLDG 2 - Partial Second Floor Framing Plan - Area 2,1,W,W24X68,30.0,68.0,2040.0,1,b_0Qu0QHk2zCbe0I2ShfA689
25,BLDG 2 - Partial Second Floor Framing Plan - Area 2,1,W,W24X55,19.330000000000002,55.0,1063.15,1,b_1wXsAlI_b0pvrnTDm8bmin
25,BLDG 2 - Partial Second Floor Framing Plan - Area 2,1,W,W21X44,45.0,44.0,1980.0,1,b_2jaAI$LcvAMBz6doLWeHFg
25,BLDG 2 - Partial Second Floor Framing Plan - Area 2,1,W,W21X44,45.0,44.0,1980.0,1,b_0hRWGTRsX2JfrIWctyUogM
25,BLDG 2 - Partial Second Floor Framing Plan - Area 2,1,W,W21X44,45.0,44.0,1980.0,1,b_032gGJi_9BlR9MkuMeG5eM
25,BLDG 2 - Partial Second Floor Framing Plan - Area 2,1,W,W21X44,45.0,44.0,1980.0,1,b_0NFZL6HFn2PebZ6gsP7lPT
25,BLDG 2 - Partial Second Floor Framing Plan - Area 2,1,W,W21X44,45.0,44.0,1980.0,1,b_19yUfP8b1BAPzb5rjaXXe$
25,BLDG 2 - Partial Second Floor Framing Plan - Area 2,1,W,W21X44,45.0,44.0,1980.0,1,b_2dWm3yQIfCkAXz$HWYh5yv
25,BLDG 2 - Partial Second Floor Framing Plan - Area 2,1,W,W21X44,45.0,44.0,1980.0,1,b_1o0sABqJ12fAJkJEko1pGM
25,BLDG 2 - Partial Second Floor Framing Plan - Area 2,1,W,W21X44,45.0,44.0,1980.0,1,b_3QEhp9asj29PX1pAuJqU0R
25,BLDG 2 - Partial Second Floor Framing Plan - Area 2,1,W,W21X44,45.0,44.0,1980.0,1,b_0tSe3p3KDDaOQeUy9sX48q
25,BLDG 2 - Partial Second Floor Framing Plan - Area 2,1,W,W21X44,45.0,44.0,1980.0,1,b_0iraB4uCL9BvZnphS9BwaB
25,BLDG 2 - Partial Second Floor Framing Plan - Area 2,1,W,W21X44,45.0,44.0,1980.0,1,b_3qM9ABWQ15z9nHB0FX4U3L
25,BLDG 2 - Partial Second Floor Framing Plan - Area 2,1,W,W21X44,45.0,44.0,1980.0,1,b_2LRpGmJwb9qx6Oim7FBm$x
25,BLDG 2 - Partial Second Floor Framing Plan - Area 2,1,W,W21X44,45.0,44.0,1980.0,1,b_0pi96SvOXANh0fp1c04Dv4
25,BLDG 2 - Partial Second Floor Framing Plan - Area 2,1,W,W21X44,45.0,44.0,1980.0,1,b_1ZO14Ke7rAQfsP7Evt67e1
25,BLDG 2 - Partial Second Floor Framing Plan - Area 2,1,W,W21X44,45.0,44.0,1980.0,1,b_0EY1P1mp99xvnbSl1bo9YB
25,BLDG 2 - Partial Second Floor Framing Plan - Area 2,1,W,W21X44,45.0,44.0,1980.0,1,b_2d1C6Q_QT2uRc65ZhHXgYm
25,BLDG 2 - Partial Second Floor Framing Plan - Area 2,1,W,W21X44,45.0,44.0,1980.0,1,b_2UGvypJdzBh99atOqIycsL
25,BLDG 2 - Partial Second Floor Framing Plan - Area 2,1,W,W21X44,45.0,44.0,1980.0,1,b_2iv4v_mQLEvh3wL34AUiwA
25,BLDG 2 - Partial Second Floor Framing Plan - Area 2,1,W,W21X44,45.0,44.0,1980.0,1,b_028$6FgIbBMQvbk4PhTCRA
25,BLDG 2 - Partial Second Floor Framing Plan - Area 2,1,W,W21X44,45.0,44.0,1980.0,1,b_2pn75qOz115PBsN8x_zPc0
25,BLDG 2 - Partial Second Floor Framing Plan - Area 2,1,W,W21X44,45.0,44.0,1980.0,1,b_1ORbHZq1PB$9lpK2jhlwFf
25,BLDG 2 - Partial Second Floor Framing Plan - Area 2,1,W,W21X44,45.0,44.0,1980.0,1,b_0OoSxRCp18vAsDgSDKwbOr
25,BLDG 2 - Partial Second Floor Framing Plan - Area 2,1,W,W21X44,45.0,44.0,1980.0,1,b_0No6WAQcH1$8bRQQz8rdnn
25,BLDG 2 - Partial Second Floor Framing Plan - Area 2,1,W,W21X44,45.0,44.0,1980.0,1,b_3h5vG8hofEkf47gXvDOxbB
25,BLDG 2 - Partial Second Floor Framing Plan - Area 2,1,W,W16X31,30.0,31.0,930.0,1,b_1JW5zBim91wQXvE3mVm8jH
25,BLDG 2 - Partial Second Floor Framing Plan - Area 2,1,W,W16X31,30.0,31.0,930.0,1,b_2Q$BWzUUj7ZgNbccGOLfsi
25,BLDG 2 - Partial Second Floor Framing Plan - Area 2,1,W,W16X31,30.0,31.0,930.0,1,b_0kSzgtQD9DWgh7kSOuLgWz
25,BLDG 2 - Partial Second Floor Framing Plan - Area 2,1,W,W16X31,17.669999999999998,31.0,547.77,1,b_1ZQ8B3Q8z64fK5FFT3NhH_
25,BLDG 2 - Partial Second Floor Framing Plan - Area 2,1,W,W16X31,16.43,31.0,509.33,1,b_0ZgrIE5$bDrRbHS0OLmXA4
25,BLDG 2 - Partial Second Floor Framing Plan - Area 2,1,W,W16X26,30.0,26.0,780.0,1,b_1NZafJ4rXBoQIQZYGoHatQ
25,BLDG 2 - Partial Second Floor Framing Plan - Area 2,1,W,W16X26,30.0,26.0,780.0,1,b_2xbUAkOoL5oO2Bospid0dH
25,BLDG 2 - Partial Second Floor Framing Plan - Area 2,1,W,W16X26,30.0,26.0,780.0,1,b_3v4sex2kz0oP19V3sGDguQ
25,BLDG 2 - Partial Second Floor Framing Plan - Area 2,1,W,W16X26,30.0,26.0,780.0,1,b_2cKMIdSo5CXBAtcYmLATP3
25,BLDG 2 - Partial Second Floor Framing Plan - Area 2,1,W,W16X26,30.0,26.0,780.0,1,b_1oB7zGI8rANAXV5NiymDyM
25,BLDG 2 - Partial Second Floor Framing Plan - Area 2,1,W,W16X26,30.0,26.0,780.0,1,b_3CRvy_k0j19AffuH2vifnz
25,BLDG 2 - Partial Second Floor Framing Plan - Area 2,1,W,W16X26,30.0,26.0,780.0,1,b_1q5Oj_OzD8_elXNsHxUErt
25,BLDG 2 - Partial Second Floor Framing Plan - Area 2,1,W,W16X26,30.0,26.0,780.0,1,b_3m8_1MWoHF_9L1XoovYb3D
25,BLDG 2 - Partial Second Floor Framing Plan - Area 2,1,W,W16X26,30.0,26.0,780.0,1,b_0dUOarvh1BDu3eFDXEbQFl
25,BLDG 2 - Partial Second Floor Framing Plan - Area 2,1,W,W16X26,30.0,26.0,780.0,1,b_0qDG9d7_DFR9CrMwaKoKOR
25,BLDG 2 - Partial Second Floor Framing Plan - Area 2,1,W,W16X26,30.0,26.0,780.0,1,b_2Dv8Lmk$b1dPIlI_FZHLEP
25,BLDG 2 - Partial Second Floor Framing Plan - Area 2,1,W,W16X26,30.0,26.0,780.0,1,b_33hkSm8zDFYBkTso6KSDU_
25,BLDG 2 - Partial Second Floor Framing Plan - Area 2,1,W,W16X26,30.0,26.0,780.0,1,b_1MDOuV4Ur2FOY$ChKXrHNW
25,BLDG 2 - Partial Second Floor Framing Plan - Area 2,1,W,W16X26,30.0,26.0,780.0,1,b_1FUBOLj4P0XRZ8Nz3VPOuT
25,BLDG 2 - Partial Second Floor Framing Plan - Area 2,1,W,W16X26,30.0,26.0,780.0,1,b_10KLbC0Sv3beZRnUAB0I_e
25,BLDG 2 - Partial Second Floor Framing Plan - Area 2,1,W,W16X26,30.0,26.0,780.0,1,b_1c09_f7MPCJRmWUl$fCyfX
25,BLDG 2 - Partial Second Floor Framing Plan - Area 2,1,W,W16X26,30.0,26.0,780.0,1,b_0XVawLC0H2eB2jhoAGdVjt
25,BLDG 2 - Partial Second Floor Framing Plan - Area 2,1,W,W16X26,30.0,26.0,780.0,1,b_0dVGXejZL00eiOFwysIQOk
25,BLDG 2 - Partial Second Floor Framing Plan - Area 2,1,W,W16X26,30.0,26.0,780.0,1,b_37VfFF$sLDvxY7XUEvotLx
25,BLDG 2 - Partial Second Floor Framing Plan - Area 2,1,W,W16X26,30.0,26.0,780.0,1,b_3soewinV90ygHXTFeHOMCn
25,BLDG 2 - Partial Second Floor Framing Plan - Area 2,1,W,W16X26,30.0,26.0,780.0,1,b_1tvzUd0jT9chyiLFHdDKEk
25,BLDG 2 - Partial Second Floor Framing Plan - Area 2,1,W,W16X26,30.0,26.0,780.0,1,b_0hewu8dqLAkvYEhAGu3p3b
25,BLDG 2 - Partial Second Floor Framing Plan - Area 2,1,W,W16X26,30.0,26.0,780.0,1,b_2D3r4KsDz7jPjQ_B3eiDHg
26,BLDG 2 - Partial Second Floor Framing Plan - Area 3 ,1,W,W24X84,30.0,84.0,2520.0,1,b_3Bzr$ATsH73xmWh4B0je56
26,BLDG 2 - Partial Second Floor Framing Plan - Area 3 ,1,W,W24X68,30.0,68.0,2040.0,1,b_2olvPoVq16M9xn0SWe1a9F
26,BLDG 2 - Partial Second Floor Framing Plan - Area 3 ,1,W,W24X68,30.0,68.0,2040.0,1,b_2_I25xZDn1deAqXdNmIe7k
26,BLDG 2 - Partial Second Floor Framing Plan - Area 3 ,1,W,W24X68,30.0,68.0,2040.0,1,b_24KkJhsHP4DBj6RJqoYFL3
26,BLDG 2 - Partial Second Floor Framing Plan - Area 3 ,1,W,W24X68,30.0,68.0,2040.0,1,b_3HA0Y1FDf0qguqnNcmNnrl
26,BLDG 2 - Partial Second Floor Framing Plan - Area 3 ,1,W,W24X55,18.37,55.0,1010.35,1,b_00vwp$Kiz2IgB2QfIWkDnD
26,BLDG 2 - Partial Second Floor Framing Plan - Area 3 ,1,W,W21X48,40.29,48.0,1933.92,1,b_3HVwSxE1j4AeGkaz6KPBRs
26,BLDG 2 - Partial Second Floor Framing Plan - Area 3 ,1,W,W21X44,45.24,44.0,1990.56,1,b_3VvVAk1QD1jB0pT$1PPSLQ
26,BLDG 2 - Partial Second Floor Framing Plan - Area 3 ,1,W,W21X44,41.52,44.0,1826.88,1,b_07ATlzFsn4XveNMfR1EX$5
26,BLDG 2 - Partial Second Floor Framing Plan - Area 3 ,1,W,W21X44,42.76,44.0,1881.44,1,b_1dVvqmoV9CHgMMlzDc0Qc4
26,BLDG 2 - Partial Second Floor Framing Plan - Area 3 ,1,W,W21X44,44.0,44.0,1936.0,1,b_1ZI$SfjH17HgTBIru9LOBs
26,BLDG 2 - Partial Second Floor Framing Plan - Area 3 ,1,W,W21X44,35.449999999999996,44.0,1559.8,1,b_3nask8Ik14FwE$tOJQqrNQ
26,BLDG 2 - Partial Second Floor Framing Plan - Area 3 ,1,W,W21X44,44.99,44.0,1979.56,1,b_1iTG35Gr55691I9iaBCErC
26,BLDG 2 - Partial Second Floor Framing Plan - Area 3 ,1,W,W21X44,44.99,44.0,1979.56,1,b_3ZK2OuNjDFdgWcFU59JqVU
26,BLDG 2 - Partial Second Floor Framing Plan - Area 3 ,1,W,W21X44,44.99,44.0,1979.56,1,b_2vNIxVDgj5Ug4nkRuc0Ixp
26,BLDG 2 - Partial Second Floor Framing Plan - Area 3 ,1,W,W21X44,44.39,44.0,1953.16,1,b_0g97bMr9r5ewXUirmsY27q
26,BLDG 2 - Partial Second Floor Framing Plan - Area 3 ,1,W,W21X44,44.39,44.0,1953.16,1,b_30NbzwdyfCLRkSjLIvicxE
26,BLDG 2 - Partial Second Floor Framing Plan - Area 3 ,1,W,W21X44,44.39,44.0,1953.16,1,b_0HDuwqkl9FbfINBpCWMx8E
26,BLDG 2 - Partial Second Floor Framing Plan - Area 3 ,1,W,W21X44,44.39,44.0,1953.16,1,b_0K13_cEFn2O8n9vMmbvlv1
26,BLDG 2 - Partial Second Floor Framing Plan - Area 3 ,1,W,W21X44,44.4,44.0,1953.6,1,b_0X95MZnN9DdvjWyi2fUndr
26,BLDG 2 - Partial Second Floor Framing Plan - Area 3 ,1,W,W21X44,44.4,44.0,1953.6,1,b_0X18L7r3H1Rv4F33WHXbVU
26,BLDG 2 - Partial Second Floor Framing Plan - Area 3 ,1,W,W21X44,44.4,44.0,1953.6,1,b_1djuwOLRbDCOJ6$DCxPps8
26,BLDG 2 - Partial Second Floor Framing Plan - Area 3 ,1,W,W21X44,44.4,44.0,1953.6,1,b_1JmsNI8GHF7u3_j05FX3yb
26,BLDG 2 - Partial Second Floor Framing Plan - Area 3 ,1,W,W21X44,44.4,44.0,1953.6,1,b_3i0QICdrzCOP_2fw30KubG
26,BLDG 2 - Partial Second Floor Framing Plan - Area 3 ,1,W,W21X44,44.39,44.0,1953.16,1,b_26O9IDjvr8QAAsIYcvnlam
26,BLDG 2 - Partial Second Floor Framing Plan - Area 3 ,1,W,W21X44,44.4,44.0,1953.6,1,b_0__DL$9Nr6WvTpKEePeIqC
26,BLDG 2 - Partial Second Floor Framing Plan - Area 3 ,1,W,W21X44,44.4,44.0,1953.6,1,b_0xP6NTsOz66vs0crjtbh4o
26,BLDG 2 - Partial Second Floor Framing Plan - Area 3 ,1,W,W21X44,44.4,44.0,1953.6,1,b_139CpbZ9XAL8nWctANNnnU
26,BLDG 2 - Partial Second Floor Framing Plan - Area 3 ,1,W,W21X44,44.4,44.0,1953.6,1,b_3syH5hMYz6kf9gSE194GT0
26,BLDG 2 - Partial Second Floor Framing Plan - Area 3 ,1,W,W21X44,44.4,44.0,1953.6,1,b_1k2BIsyDvCzAfbqTNPn2H4
26,BLDG 2 - Partial Second Floor Framing Plan - Area 3 ,1,W,W21X44,44.41,44.0,1954.04,1,b_3Lu8tqh3v2t8KCdxluZClF
26,BLDG 2 - Partial Second Floor Framing Plan - Area 3 ,1,W,W21X44,44.4,44.0,1953.6,1,b_3ib2mVUeL4phoH_aiosctS
26,BLDG 2 - Partial Second Floor Framing Plan - Area 3 ,1,W,W16X31,19.43,31.0,602.33,1,b_1ze_xsoJ16bQFdFEcgGV3_
26,BLDG 2 - Partial Second Floor Framing Plan - Area 3 ,1,W,W16X31,19.43,31.0,602.33,1,b_357yD4W05C1hN2dp5OZM09
26,BLDG 2 - Partial Second Floor Framing Plan - Area 3 ,1,W,W16X31,17.669999999999998,31.0,547.77,1,b_0KH0zrOxv5yhHDjqzhDRqk
26,BLDG 2 - Partial Second Floor Framing Plan - Area 3 ,1,W,W16X31,16.43,31.0,509.33,1,b_1vg92nkHP12gnMje8YI8Ou
26,BLDG 2 - Partial Second Floor Framing Plan - Area 3 ,1,W,W16X31,28.81,31.0,893.11,1,b_0opD7OYxn2NfalUjKorREh
26,BLDG 2 - Partial Second Floor Framing Plan - Area 3 ,1,W,W16X31,28.79,31.0,892.49,1,b_2MvTMW_xPBTRT_AdkmQzTx
26,BLDG 2 - Partial Second Floor Framing Plan - Area 3 ,1,W,W16X26,29.950000000000003,26.0,778.7,1,b_3aMhyQfJX4le4XeBWzcJvU
26,BLDG 2 - Partial Second Floor Framing Plan - Area 3 ,1,W,W16X26,29.96,26.0,778.96,1,b_3rx1HQcP1FFx6hoP7DW0ZG
26,BLDG 2 - Partial Second Floor Framing Plan - Area 3 ,1,W,W16X26,29.970000000000002,26.0,779.22,1,b_2oa7xcvG92tRJNv0pNRwfV
26,BLDG 2 - Partial Second Floor Framing Plan - Area 3 ,1,W,W16X26,29.98,26.0,779.48,1,b_2DW8zt6G94dwi3u49tEpcv
26,BLDG 2 - Partial Second Floor Framing Plan - Area 3 ,1,W,W16X26,29.94,26.0,778.44,1,b_0RfutqHO91KBCwW8msyK$c
26,BLDG 2 - Partial Second Floor Framing Plan - Area 3 ,1,W,W16X26,29.93,26.0,778.18,1,b_2LYwHPrT157Op$zhaSY9lf
26,BLDG 2 - Partial Second Floor Framing Plan - Area 3 ,1,W,W16X26,29.919999999999998,26.0,777.92,1,b_3vGGzF2CX4uvdmWOFJ1z0b
26,BLDG 2 - Partial Second Floor Framing Plan - Area 3 ,1,W,W16X26,29.91,26.0,777.66,1,b_1gTjh54PD2jeBqmXAfoqhw
26,BLDG 2 - Partial Second Floor Framing Plan - Area 3 ,1,W,W16X26,29.89,26.0,777.14,1,b_1UL3VKSHjE$fKUJ6VmAd8O
26,BLDG 2 - Partial Second Floor Framing Plan - Area 3 ,1,W,W16X26,29.88,26.0,776.88,1,b_2IrJ9dwRP0PhTgiTPzSrxt
26,BLDG 2 - Partial Second Floor Framing Plan - Area 3 ,1,W,W16X26,29.88,26.0,776.88,1,b_2hcIANNgD9Mg8WX1DR3IvB
26,BLDG 2 - Partial Second Floor Framing Plan - Area 3 ,1,W,W16X26,29.87,26.0,776.62,1,b_3t1sZeEvfCK9iyz0IwM2tp
26,BLDG 2 - Partial Second Floor Framing Plan - Area 3 ,1,W,W16X26,29.86,26.0,776.36,1,b_37yNzG911CLwcZA$BNud9$
26,BLDG 2 - Partial Second Floor Framing Plan - Area 3 ,1,W,W16X26,29.85,26.0,776.1,1,b_0ccDY1$lH67w9dkQbyMY5d
26,BLDG 2 - Partial Second Floor Framing Plan - Area 3 ,1,W,W16X26,29.84,26.0,775.84,1,b_2K08WY3Ur3fOTmO6f8rz$A
26,BLDG 2 - Partial Second Floor Framing Plan - Area 3 ,1,W,W16X26,29.830000000000002,26.0,775.58,1,b_1fGTXZc3z3AP2HmYSSXW5$
26,BLDG 2 - Partial Second Floor Framing Plan - Area 3 ,1,W,W16X26,29.82,26.0,775.32,1,b_0HDOZik91D4vHy56zWvfhv
26,BLDG 2 - Partial Second Floor Framing Plan - Area 3 ,1,W,W16X26,29.81,26.0,775.06,1,b_2oOOcCjev3hAbE1NoP2nLQ
26,BLDG 2 - Partial Second Floor Framing Plan - Area 3 ,1,W,W12X14,12.67,14.0,177.38,1,b_0_V3RqW6T2ah2IAohvnZcu
26,BLDG 2 - Partial Second Floor Framing Plan - Area 3 ,1,W,W12X14,12.6,14.0,176.40,1,b_2Vx8a3Em95ZAb7SycfLxmH
26,BLDG 2 - Partial Second Floor Framing Plan - Area 3 ,1,W,W12X14,13.31,14.0,186.34,1,b_3sPP261959Wvb$77ZQJPG4
26,BLDG 2 - Partial Second Floor Framing Plan - Area 3 ,1,W,W8X35,13.280000000000001,35.0,464.80,1,b_18ItDnPxH8GQydr$6FhooE
27,BLDG 2 - Partial Second Floor Framing Plan - Area 4 ,1,W,W24X84,30.0,84.0,2520.0,1,b_3uHEfXq1TDM96YlBECtYKM
27,BLDG 2 - Partial Second Floor Framing Plan - Area 4 ,1,W,W24X84,28.73,84.0,2413.32,1,b_16wq9wdtn8VR53uVct3wss
27,BLDG 2 - Partial Second Floor Framing Plan - Area 4 ,1,W,W24X84,30.09,84.0,2527.56,1,b_0dIRBuQEL5NRV7_0bwCX4G
27,BLDG 2 - Partial Second Floor Framing Plan - Area 4 ,1,W,W24X76,30.47,76.0,2315.72,1,b_3z0bWSv6vFYfg9pG0RzYry
27,BLDG 2 - Partial Second Floor Framing Plan - Area 4 ,1,W,W24X68,29.72,68.0,2020.96,1,b_3fHIcEk2n70vvV8ePPn39o
27,BLDG 2 - Partial Second Floor Framing Plan - Area 4 ,1,W,W24X68,30.0,68.0,2040.0,1,b_1gbHEWfgPBofHCS7MKHukr
27,BLDG 2 - Partial Second Floor Framing Plan - Area 4 ,1,W,W24X68,30.0,68.0,2040.0,1,b_05XuoLWHrCTA6jtuAeTdj0
27,BLDG 2 - Partial Second Floor Framing Plan - Area 4 ,1,W,W24X68,30.0,68.0,2040.0,1,b_2G0UK0oTb37wh4FplGv$2e
27,BLDG 2 - Partial Second Floor Framing Plan - Area 4 ,1,W,W24X68,30.0,68.0,2040.0,1,b_3jOe133Rr1I8$gCkrf$rPH
27,BLDG 2 - Partial Second Floor Framing Plan - Area 4 ,1,W,W24X68,27.099999999999998,68.0,1842.8,1,b_0ZPpEJGFv1kACWjrSPkswN
27,BLDG 2 - Partial Second Floor Framing Plan - Area 4 ,1,W,W24X55,30.0,55.0,1650.0,1,b_0QSvLTwRv4DOcCpPm0YOqE
27,BLDG 2 - Partial Second Floor Framing Plan - Area 4 ,1,W,W21X48,40.29,48.0,1933.92,1,b_1lXNa9A556Wv3U$ugAElc5
27,BLDG 2 - Partial Second Floor Framing Plan - Area 4 ,1,W,W21X44,34.85,44.0,1533.4,1,b_0gdMEGsAj5iuY9cFxr6GzU
27,BLDG 2 - Partial Second Floor Framing Plan - Area 4 ,1,W,W21X44,18.92,44.0,832.48,1,b_2HzW37NLvBjekRQ33PERnL
27,BLDG 2 - Partial Second Floor Framing Plan - Area 4 ,1,W,W21X44,44.39,44.0,1953.16,1,b_11lRXMCSz3JRltXGz_ITaJ
27,BLDG 2 - Partial Second Floor Framing Plan - Area 4 ,1,W,W21X44,44.4,44.0,1953.6,1,b_1$NV1MEQX4dOM_HrgXQEKL
27,BLDG 2 - Partial Second Floor Framing Plan - Area 4 ,1,W,W21X44,37.32,44.0,1642.08,1,b_0kGCvXSOnBthUewcRYMG5H
27,BLDG 2 - Partial Second Floor Framing Plan - Area 4 ,1,W,W21X44,44.86,44.0,1973.84,1,b_2ge$S55Rj46wV8l1AAtTf4
27,BLDG 2 - Partial Second Floor Framing Plan - Area 4 ,1,W,W21X44,44.67,44.0,1965.48,1,b_1fKYwNTEj0fR2C1Yr8Obch
27,BLDG 2 - Partial Second Floor Framing Plan - Area 4 ,1,W,W21X44,44.57,44.0,1961.08,1,b_03Kg2hdbnE2Al0$16i7bAx
27,BLDG 2 - Partial Second Floor Framing Plan - Area 4 ,1,W,W21X44,44.89,44.0,1975.16,1,b_2H_VEIEwH22xIS00h7IyRi
27,BLDG 2 - Partial Second Floor Framing Plan - Area 4 ,1,W,W21X44,44.91,44.0,1976.04,1,b_1nl4Mx2hj5_BjTRswJDMN5
27,BLDG 2 - Partial Second Floor Framing Plan - Area 4 ,1,W,W21X44,44.94,44.0,1977.36,1,b_3$38AE9rH1R9vuy17wUBmq
27,BLDG 2 - Partial Second Floor Framing Plan - Area 4 ,1,W,W21X44,44.84,44.0,1972.96,1,b_06B25OAenEuPtpauMAWfhG
27,BLDG 2 - Partial Second Floor Framing Plan - Area 4 ,1,W,W21X44,44.82,44.0,1972.08,1,b_1c03WzRS15yhpTnUj_ZwSH
27,BLDG 2 - Partial Second Floor Framing Plan - Area 4 ,1,W,W21X44,44.74,44.0,1968.56,1,b_0G1bJGpAP4Ixr04VFAQxX0
27,BLDG 2 - Partial Second Floor Framing Plan - Area 4 ,1,W,W21X44,44.72,44.0,1967.68,1,b_2TB6uAupn4b98WExxDjwAg
27,BLDG 2 - Partial Second Floor Framing Plan - Area 4 ,1,W,W21X44,44.69,44.0,1966.36,1,b_3m6mccZQ5E7v7_LcOyrXi5
27,BLDG 2 - Partial Second Floor Framing Plan - Area 4 ,1,W,W21X44,44.65,44.0,1964.6,1,b_3OeiEfVPz1WwTdjh9YuZNU
27,BLDG 2 - Partial Second Floor Framing Plan - Area 4 ,1,W,W21X44,44.62,44.0,1963.28,1,b_1TNFe8L4n6XgpuiHmLNEuG
27,BLDG 2 - Partial Second Floor Framing Plan - Area 4 ,1,W,W21X44,44.6,44.0,1962.4,1,b_05LNSoed9DPu8q_G4Juq9x
27,BLDG 2 - Partial Second Floor Framing Plan - Area 4 ,1,W,W21X44,44.54,44.0,1959.76,1,b_0bWobdsGbCdQr6D5YBczef
27,BLDG 2 - Partial Second Floor Framing Plan - Area 4 ,1,W,W21X44,44.09,44.0,1939.96,1,b_1bnjT4ZMH0chA8dPXXldBp
27,BLDG 2 - Partial Second Floor Framing Plan - Area 4 ,1,W,W21X44,43.64,44.0,1920.16,1,b_0_KVPrK2b8nuCMdIb2avw5
27,BLDG 2 - Partial Second Floor Framing Plan - Area 4 ,1,W,W21X44,42.71,44.0,1879.24,1,b_1Z21s6r4z3x8CeFuBxRfun
27,BLDG 2 - Partial Second Floor Framing Plan - Area 4 ,1,W,W21X44,42.23,44.0,1858.12,1,b_2Qxg1SrkL47v9HMSm51e10
27,BLDG 2 - Partial Second Floor Framing Plan - Area 4 ,1,W,W21X44,13.21,44.0,581.24,1,b_24uVAp92z4BAHTxxGx7oEK
27,BLDG 2 - Partial Second Floor Framing Plan - Area 4 ,1,W,W21X44,33.699999999999996,44.0,1482.8,1,b_1BU8gos1v4xBjFffa7dgrO
27,BLDG 2 - Partial Second Floor Framing Plan - Area 4 ,1,W,W21X44,34.27,44.0,1507.88,1,b_3v_4MQ$vb0kRyJlN1emEWj
27,BLDG 2 - Partial Second Floor Framing Plan - Area 4 ,1,W,W21X44,36.29,44.0,1596.76,1,b_3SGMOLzmj5Qv_Rt68uDE$e
27,BLDG 2 - Partial Second Floor Framing Plan - Area 4 ,1,W,W21X44,38.949999999999996,44.0,1713.8,1,b_3rAGd_CEv7FeTXrKBHB8yS
27,BLDG 2 - Partial Second Floor Framing Plan - Area 4 ,1,W,W21X44,44.4,44.0,1953.6,1,b_34ilwC25b1AvDKW2kGfAuz
27,BLDG 2 - Partial Second Floor Framing Plan - Area 4 ,1,W,W18X50,34.99,50.0,1749.5,1,b_1LiP2u3ArFnOuLOXcfULWJ
27,BLDG 2 - Partial Second Floor Framing Plan - Area 4 ,1,W,W18X50,35.56,50.0,1778.0,1,b_2vMpz5p5j4IhHpIQC$UN6Y
27,BLDG 2 - Partial Second Floor Framing Plan - Area 4 ,1,W,W18X50,36.13,50.0,1806.5,1,b_3G$OMU3MvB0vFAIfBhLZ8x
27,BLDG 2 - Partial Second Floor Framing Plan - Area 4 ,1,W,W18X50,36.14,50.0,1807.0,1,b_34ZW58i012puycbtSNuXGJ
27,BLDG 2 - Partial Second Floor Framing Plan - Area 4 ,1,W,W16X31,19.81,31.0,614.11,1,b_0ZOD5chIjFVRyk8ONBs_OR
27,BLDG 2 - Partial Second Floor Framing Plan - Area 4 ,1,W,W16X31,26.080000000000002,31.0,808.48,1,b_2iGUgGvin4XAFyyMHNS6$h
27,BLDG 2 - Partial Second Floor Framing Plan - Area 4 ,1,W,W16X31,27.470000000000002,31.0,851.57,1,b_2hbjiCXzrBSwMXJmQ5H3Aw
27,BLDG 2 - Partial Second Floor Framing Plan - Area 4 ,1,W,W16X31,28.86,31.0,894.66,1,b_3fe4MLaQv1Cxs2moTfy8BN
27,BLDG 2 - Partial Second Floor Framing Plan - Area 4 ,1,W,W16X31,28.75,31.0,891.25,1,b_15wprPr3PDAvMQ5afGQKGn
27,BLDG 2 - Partial Second Floor Framing Plan - Area 4 ,1,W,W16X31,28.75,31.0,891.25,1,b_10BAUQjq584gTzPBShfZfn
27,BLDG 2 - Partial Second Floor Framing Plan - Area 4 ,1,W,W16X31,17.049999999999997,31.0,528.55,1,b_10T70tX99E4BF_c$qZRWt8
27,BLDG 2 - Partial Second Floor Framing Plan - Area 4 ,1,W,W16X26,25.09,26.0,652.34,1,b_0rcX6qmD5AVed19W82VPBS
27,BLDG 2 - Partial Second Floor Framing Plan - Area 4 ,1,W,W16X26,29.299999999999997,26.0,761.8,1,b_3nqMfaOnv5zQC3e7kS1swx
27,BLDG 2 - Partial Second Floor Framing Plan - Area 4 ,1,W,W16X26,30.86,26.0,802.36,1,b_1NlTVIsjz9Q8yuKFmLysqB
27,BLDG 2 - Partial Second Floor Framing Plan - Area 4 ,1,W,W16X26,29.56,26.0,768.56,1,b_2dgiMmchXEVx5wfgvb0gJw
27,BLDG 2 - Partial Second Floor Framing Plan - Area 4 ,1,W,W16X26,29.69,26.0,771.94,1,b_1tyf2G7Nj0rfpT5UE31Y__
27,BLDG 2 - Partial Second Floor Framing Plan - Area 4 ,1,W,W16X26,29.82,26.0,775.32,1,b_0aWuaWMGfBCxk36NuTyLCc
27,BLDG 2 - Partial Second Floor Framing Plan - Area 4 ,1,W,W16X26,29.85,26.0,776.1,1,b_0SOtjYm3zFYvRuuSkqgPQP
27,BLDG 2 - Partial Second Floor Framing Plan - Area 4 ,1,W,W16X26,29.88,26.0,776.88,1,b_2zOQo$6ZfEsOH1GdcRjVOP
27,BLDG 2 - Partial Second Floor Framing Plan - Area 4 ,1,W,W16X26,29.919999999999998,26.0,777.92,1,b_2LzcvqTFP16Qn0C7r8K59e
27,BLDG 2 - Partial Second Floor Framing Plan - Area 4 ,1,W,W16X26,29.79,26.0,774.54,1,b_0W6JxOD6DF7whqxsjLKQO3
27,BLDG 2 - Partial Second Floor Framing Plan - Area 4 ,1,W,W16X26,29.75,26.0,773.5,1,b_1IIK35xOv1c8G8cXJvm8pe
27,BLDG 2 - Partial Second Floor Framing Plan - Area 4 ,1,W,W16X26,29.720000000000002,26.0,772.72,1,b_1VxL7LwFHFlQlc1N5lbLQJ
27,BLDG 2 - Partial Second Floor Framing Plan - Area 4 ,1,W,W16X26,29.66,26.0,771.16,1,b_2oeUSS$ezAIAcqi8jY080n
27,BLDG 2 - Partial Second Floor Framing Plan - Area 4 ,1,W,W16X26,29.63,26.0,770.38,1,b_0fo8E_Au5B0gN7UuzOIA5J
27,BLDG 2 - Partial Second Floor Framing Plan - Area 4 ,1,W,W16X26,29.6,26.0,769.6,1,b_2YIwyX$xn1yfe44TVoSRxz
27,BLDG 2 - Partial Second Floor Framing Plan - Area 4 ,1,W,W16X26,29.52,26.0,767.52,1,b_2UB0v1Moz3H9aE__PlAGnM
27,BLDG 2 - Partial Second Floor Framing Plan - Area 4 ,1,W,W16X26,29.490000000000002,26.0,766.74,1,b_3Nz6Pfxbn9$P6ereOc$8jb
27,BLDG 2 - Partial Second Floor Framing Plan - Area 4 ,1,W,W16X26,29.46,26.0,765.96,1,b_1IBTh0$9f6z8CHVEVsH_lR
27,BLDG 2 - Partial Second Floor Framing Plan - Area 4 ,1,W,W16X26,29.4,26.0,764.4,1,b_32LSkbKD174Ryfsc860KWt
27,BLDG 2 - Partial Second Floor Framing Plan - Area 4 ,1,W,W16X26,29.37,26.0,763.62,1,b_3fqNIF4Gv1YhCh6yteGNkE
27,BLDG 2 - Partial Second Floor Framing Plan - Area 4 ,1,W,W16X26,29.330000000000002,26.0,762.58,1,b_1SsD9q0WX72xcMP338Slz1
27,BLDG 2 - Partial Second Floor Framing Plan - Area 4 ,1,W,W16X26,7.0200000000000005,26.0,182.52,1,b_3DjoXqjADDOONCle8d3u1$
27,BLDG 2 - Partial Second Floor Framing Plan - Area 4 ,1,W,W16X26,30.15,26.0,783.9,1,b_3scQBOXsLFhhaiqnYQzweD
27,BLDG 2 - Partial Second Floor Framing Plan - Area 4 ,1,W,W14X22,30.939999999999998,22.0,680.68,1,b_0TyOHVO4f8zR3ETI_N40os
27,BLDG 2 - Partial Second Floor Framing Plan - Area 4 ,1,W,W14X22,9.17,22.0,201.74,1,b_0tXA3hhaLBLha06jnSCUCq
27,BLDG 2 - Partial Second Floor Framing Plan - Area 4 ,1,W,W14X22,21.22,22.0,466.84,1,b_1Dy8HCVX18D81KayfbN$Gy
27,BLDG 2 - Partial Second Floor Framing Plan - Area 4 ,1,W,W12X19,14.71,19.0,279.49,1,b_3b4kNyWUz2RAoSq5jao4s9
27,BLDG 2 - Partial Second Floor Framing Plan - Area 4 ,1,W,W12X14,12.56,14.0,175.84,1,b_0liX23B1r1HfmLDK3T_U35
27,BLDG 2 - Partial Second Floor Framing Plan - Area 4 ,1,W,W12X14,12.540000000000001,14.0,175.56,1,b_1ytrIwk5D8IgNwTX1f0RYR
27,BLDG 2 - Partial Second Floor Framing Plan - Area 4 ,1,W,W12X14,13.299999999999999,14.0,186.2,1,b_0Dc1bdyqz1IwZuKgeKiEDB
27,BLDG 2 - Partial Second Floor Framing Plan - Area 4 ,1,W,W10X12,20.2,12.0,242.4,1,b_2uUh_zBTH3RAgEJFPQ2j2R
27,BLDG 2 - Partial Second Floor Framing Plan - Area 4 ,1,W,W8X35,13.29,35.0,465.15,1,b_3k$pnUbBP3wP9gACcKVJGw
27,BLDG 2 - Partial Second Floor Framing Plan - Area 4 ,1,W,W8X10,9.01,10.0,90.1,1,b_34zVNw8dPCO92V32fqTvlB
29,BLDG 2 - Partial Roof Framing Plan - Area 1 ,1,W,W24X55,42.19,55.0,2320.45,1,b_37NOfgkEX8wxSWMytTPJKm
29,BLDG 2 - Partial Roof Framing Plan - Area 1 ,1,W,W21X44,29.85,44.0,1313.4,1,b_2tPvXvU2rAwgjIlEUPD9$1
29,BLDG 2 - Partial Roof Framing Plan - Area 1 ,1,W,W21X44,30.0,44.0,1320.0,1,b_39cEAnBpr1ne2IlroPmwtK
29,BLDG 2 - Partial Roof Framing Plan - Area 1 ,1,W,W21X44,30.0,44.0,1320.0,1,b_0e_ZEtkc91HPqyfSS_av9Q
29,BLDG 2 - Partial Roof Framing Plan - Area 1 ,1,W,W21X44,30.0,44.0,1320.0,1,b_1aVoY9bePEI8wiOdAkRPDs
29,BLDG 2 - Partial Roof Framing Plan - Area 1 ,1,W,W21X44,30.0,44.0,1320.0,1,b_0CpQ5pypL2aAsEuSFhy8AB
29,BLDG 2 - Partial Roof Framing Plan - Area 1 ,1,W,W21X44,28.729999999999997,44.0,1264.12,1,b_0EbxXV71rD7w8GHGi1fLuP
29,BLDG 2 - Partial Roof Framing Plan - Area 1 ,1,W,W21X44,28.720000000000002,44.0,1263.68,1,b_0UpJmTWVL4P8AVhB2qlhyD
29,BLDG 2 - Partial Roof Framing Plan - Area 1 ,1,W,W21X44,29.0,44.0,1276.0,1,b_3lLRJCkwHEKfwyMhoWAjCk
29,BLDG 2 - Partial Roof Framing Plan - Area 1 ,1,W,W21X44,30.0,44.0,1320.0,1,b_15iGSXXTT6TPVVczihtcw7
29,BLDG 2 - Partial Roof Framing Plan - Area 1 ,1,W,W21X44,28.720000000000002,44.0,1263.68,1,b_0GX9NnMVL2Jww6$rB49E$j
29,BLDG 2 - Partial Roof Framing Plan - Area 1 ,1,W,W21X44,30.0,44.0,1320.0,1,b_30qqBd_cb8KP1cTMGCr3RD
29,BLDG 2 - Partial Roof Framing Plan - Area 1 ,1,W,W21X44,30.0,44.0,1320.0,1,b_2cVTtPYGj6QgqsM7DyV1i5
29,BLDG 2 - Partial Roof Framing Plan - Area 1 ,1,W,W18X40,29.4,40.0,1176.0,1,b_2bXrZex$vC9AliCm6uWyzL
29,BLDG 2 - Partial Roof Framing Plan - Area 1 ,1,W,W18X40,45.79,40.0,1831.6,1,b_1Dzt5OgVbE5gJiGQOXb8ab
29,BLDG 2 - Partial Roof Framing Plan - Area 1 ,1,W,W18X40,19.53,40.0,781.2,1,b_0TgqTwsuLFPA9cvF3ZlPG0
29,BLDG 2 - Partial Roof Framing Plan - Area 1 ,1,W,W18X35,45.0,35.0,1575.0,1,b_1I8zuR8Db70O2dN1pmeSn0
29,BLDG 2 - Partial Roof Framing Plan - Area 1 ,1,W,W14X22,29.85,22.0,656.7,1,b_0LC1hD4QX7r88ey3lqHNEQ
29,BLDG 2 - Partial Roof Framing Plan - Area 1 ,1,W,W12X26,9.07,26.0,235.82,1,b_3FUVZ0wfv2dQg0MXEy7L7p
29,BLDG 2 - Partial Roof Framing Plan - Area 1 ,1,W,W12X26,7.5200000000000005,26.0,195.52,1,b_1MRvapXMv02htg1Kyb8qnZ
29,BLDG 2 - Partial Roof Framing Plan - Area 1 ,1,W,W12X26,5.97,26.0,155.22,1,b_1wUwygVZ9D2RumtM5dhM_g
29,BLDG 2 - Partial Roof Framing Plan - Area 1 ,1,W,W12X26,4.42,26.0,114.92,1,b_1Yd4VCxirDXfS7ve8nyqzR
29,BLDG 2 - Partial Roof Framing Plan - Area 1 ,1,W,W10X22,5.41,22.0,119.02,1,b_3tRvvNzjnENByZ7HMeG2dC
29,BLDG 2 - Partial Roof Framing Plan - Area 1 ,1,W,W10X22,4.88,22.0,107.36,1,b_1El78_YIHCPhtDiJ_Vp7rN
29,BLDG 2 - Partial Roof Framing Plan - Area 1 ,1,W,W10X22,4.3500000000000005,22.0,95.7,1,b_3MVOamejvEQh_7RxMi6QgK
29,BLDG 2 - Partial Roof Framing Plan - Area 1 ,1,W,W10X22,3.83,22.0,84.26,1,b_1wi6sfq7L7$wEYvGoi4Omq
29,BLDG 2 - Partial Roof Framing Plan - Area 1 ,1,W,W10X22,3.63,22.0,79.86,1,b_2nayIbhvn1FP94D9VV2T7n
29,BLDG 2 - Partial Roof Framing Plan - Area 1 ,1,W,W10X12,13.37,12.0,160.44,1,b_2PrWn8Nnb1ofg9g$bIhbtm
29,BLDG 2 - Partial Roof Framing Plan - Area 1 ,1,C,C8X11.5,2.8704347826086956,11.5,33.01,1,b_1UzOVxjZ19$8sQqY6P3dVI
30,BLDG 2 - Partial Roof Framing Plan - Area 2 ,1,W,W21X48,31.86,48.0,1529.28,1,b_2DFwLUZYv7AgTcFZ3HZJyV
30,BLDG 2 - Partial Roof Framing Plan - Area 2 ,1,W,W21X57,18.450000000000003,57.0,1051.65,1,b_2hSUOi1HD6VOhlJGvvaEsh
30,BLDG 2 - Partial Roof Framing Plan - Area 2 ,1,W,W21X44,30.0,44.0,1320.0,1,b_1Jf9rYpvrDgAWByqG6P8Js
30,BLDG 2 - Partial Roof Framing Plan - Area 2 ,1,W,W21X44,30.0,44.0,1320.0,1,b_3aMd0MVg90QPiIoX$VHEiu
30,BLDG 2 - Partial Roof Framing Plan - Area 2 ,1,W,W21X44,30.0,44.0,1320.0,1,b_1haoY8fFb7Vf6vUaOkF4pT
30,BLDG 2 - Partial Roof Framing Plan - Area 2 ,1,W,W21X44,30.0,44.0,1320.0,1,b_0reG6mwzj4BPJ4S1n5QoLC
30,BLDG 2 - Partial Roof Framing Plan - Area 2 ,1,W,W21X44,30.0,44.0,1320.0,1,b_3h6nPLtGXCGwQj3LPDsfTb
30,BLDG 2 - Partial Roof Framing Plan - Area 2 ,1,W,W21X44,29.85,44.0,1313.4,1,b_0glZfqaBbBtehWWEpiJpM9
30,BLDG 2 - Partial Roof Framing Plan - Area 2 ,1,W,W16X26,19.33,26.0,502.58,1,b_38kXj4Ip9FVA4v5nDstgJc
30,BLDG 2 - Partial Roof Framing Plan - Area 2 ,1,W,W10X22,4.79,22.0,105.38,1,b_17vLIotnbAGAUu9Z3Teim0
,,1,W,W18X40,6.890000000000001,40.0,275.60,,None
31,BLDG 2 - Partial Roof Framing Plan - Area 3 ,1,W,W21X48,31.86,48.0,1529.28,1,b_3KhYdvHirEY8L6aaoIof2W
31,BLDG 2 - Partial Roof Framing Plan - Area 3 ,1,W,W21X57,30.409999999999997,57.0,1733.37,1,b_3kutYWeAb6xgT_t69_I3gf
31,BLDG 2 - Partial Roof Framing Plan - Area 3 ,1,W,W21X44,18.37,44.0,808.28,1,b_02YOouhSb1pukV8mglQS6G
31,BLDG 2 - Partial Roof Framing Plan - Area 3 ,1,W,W21X44,30.0,44.0,1320.0,1,b_2npFTxsc57DeJHnqgYe8Gh
31,BLDG 2 - Partial Roof Framing Plan - Area 3 ,1,W,W21X44,30.0,44.0,1320.0,1,b_11Wgbk6W1FFA_O7ykDiol4
31,BLDG 2 - Partial Roof Framing Plan - Area 3 ,1,W,W21X44,30.0,44.0,1320.0,1,b_0XV82iaWf7FQ14Q3JsFkfR
31,BLDG 2 - Partial Roof Framing Plan - Area 3 ,1,W,W21X44,30.0,44.0,1320.0,1,b_0ECR8ZU2H7MOx0_MaP9FrI
31,BLDG 2 - Partial Roof Framing Plan - Area 3 ,1,W,W21X44,29.86,44.0,1313.84,1,b_198KUg4LL8H9yPA9vMvvpN
31,BLDG 2 - Partial Roof Framing Plan - Area 3 ,1,W,W14X30,13.31,30.0,399.3,1,b_0zvaLHNVj2LvYwYi2O5jci
31,BLDG 2 - Partial Roof Framing Plan - Area 3 ,1,W,W14X30,25.34,30.0,760.2,1,b_2X3eu0fFrEow5A4sBIXZx5
31,BLDG 2 - Partial Roof Framing Plan - Area 3 ,1,W,W14X30,25.34,30.0,760.2,1,b_0rF54UcUDBwBwqOvLCWzaV
31,BLDG 2 - Partial Roof Framing Plan - Area 3 ,1,W,W10X22,8.4,22.0,184.8,1,b_14V7QK2an7eOU6J2H73f0R
31,BLDG 2 - Partial Roof Framing Plan - Area 3 ,1,W,W10X22,8.07,22.0,177.54,1,b_0L8RatVxv1UuYcAGiCrNj$
31,BLDG 2 - Partial Roof Framing Plan - Area 3 ,1,W,W10X22,7.6,22.0,167.2,1,b_0cp0YL0v5EngfcbjBgRRRN
31,BLDG 2 - Partial Roof Framing Plan - Area 3 ,1,W,W10X22,7.140000000000001,22.0,157.08,1,b_1qu9aH_Sj3ZevTPwJPOJDI
31,BLDG 2 - Partial Roof Framing Plan - Area 3 ,1,W,W10X22,6.880000000000001,22.0,151.36,1,b_1mp_C8gmD48ec5kUR3OU3G
31,BLDG 2 - Partial Roof Framing Plan - Area 3 ,1,W,W10X22,5.81,22.0,127.82,1,b_2g9b2jlHr1n9zbL$2LEeHf
31,BLDG 2 - Partial Roof Framing Plan - Area 3 ,1,W,W10X22,5.74,22.0,126.28,1,b_2ObdAU$tTE7eeSOMCoL0jM
31,BLDG 2 - Partial Roof Framing Plan - Area 3 ,1,W,W10X22,5.07,22.0,111.54,1,b_3ma$k6OSL8jOodtW9R5a1M
31,BLDG 2 - Partial Roof Framing Plan - Area 3 ,1,W,W10X22,4.8,22.0,105.6,1,b_2pKtXGOtb678Ho91N9v9Kp
31,BLDG 2 - Partial Roof Framing Plan - Area 3 ,1,W,W10X22,4.34,22.0,95.48,1,b_3bAFmIDcXFSxxN_QVfqPpQ
31,BLDG 2 - Partial Roof Framing Plan - Area 3 ,1,W,W10X22,4.08,22.0,89.76,1,b_0e7jANxMTDS8nBa$TLvRcd
31,BLDG 2 - Partial Roof Framing Plan - Area 3 ,1,W,W10X22,3.4099999999999997,22.0,75.02,1,b_1qJ32o$5bAtO6zFt756nhC
31,BLDG 2 - Partial Roof Framing Plan - Area 3 ,1,W,W10X22,2.48,22.0,54.56,1,b_0savXENmH60OWtQGlWJGPu
31,BLDG 2 - Partial Roof Framing Plan - Area 3 ,1,W,W10X22,5.57,22.0,122.54,1,b_14rDJybzb1B8irKFL5kSD4
31,BLDG 2 - Partial Roof Framing Plan - Area 3 ,1,W,W10X22,5.01,22.0,110.22,1,b_31oyLN_RTE7uT5jSdRpxZD
31,BLDG 2 - Partial Roof Framing Plan - Area 3 ,1,W,W10X22,4.44,22.0,97.68,1,b_0P51XQvWn3ZfyWu7gpEh$S
31,BLDG 2 - Partial Roof Framing Plan - Area 3 ,1,W,W10X22,3.88,22.0,85.36,1,b_0$TPRwjIT5kxk21OOhFJsa
31,BLDG 2 - Partial Roof Framing Plan - Area 3 ,1,W,W10X22,3.3200000000000003,22.0,73.04,1,b_3AU_uR5uDCQQ0cQeZ5EO8j
31,BLDG 2 - Partial Roof Framing Plan - Area 3 ,1,W,W10X22,2.76,22.0,60.72,1,b_2vGNHMWYvAQPqscJRIVC4F
31,BLDG 2 - Partial Roof Framing Plan - Area 3 ,1,W,W10X22,4.79,22.0,105.38,1,b_1NZ7xOmvr5Kxh1VuKBgYpG
31,BLDG 2 - Partial Roof Framing Plan - Area 3 ,1,W,W10X22,6.73,22.0,148.06,1,b_0x6u08qq171vfse2DJe7ZZ
31,BLDG 2 - Partial Roof Framing Plan - Area 3 ,1,C,C12X20.7,37.32995169082126,20.7,772.73,1,b_3cUAFpSzX68hWW1iudaPgi
32,BLDG 2 - Partial Roof Framing Plan - Area 4,1,W,W24X68,29.84,68.0,2029.12,1,b_1uJOKYW6TA1v0Uq1e7B5p8
32,BLDG 2 - Partial Roof Framing Plan - Area 4,1,W,W21X44,30.439999999999998,44.0,1339.36,1,b_15ydgAaVX1bwHDon$eRN1p
32,BLDG 2 - Partial Roof Framing Plan - Area 4,1,W,W21X44,28.729999999999997,44.0,1264.12,1,b_31$L1WmHz3KQuuf1Wkc42y
32,BLDG 2 - Partial Roof Framing Plan - Area 4,1,W,W21X44,29.720000000000002,44.0,1307.68,1,b_2KhBluS9f0qP2WPQkwWrIm
32,BLDG 2 - Partial Roof Framing Plan - Area 4,1,W,W21X44,30.0,44.0,1320.0,1,b_1YZHXBIjf8yurrszgEhdl3
32,BLDG 2 - Partial Roof Framing Plan - Area 4,1,W,W21X44,30.0,44.0,1320.0,1,b_2itOsX$j95w857hknfyPFo
32,BLDG 2 - Partial Roof Framing Plan - Area 4,1,W,W21X44,30.0,44.0,1320.0,1,b_14O3yVaJ9ApRNVs4MPB18Y
32,BLDG 2 - Partial Roof Framing Plan - Area 4,1,W,W21X44,30.0,44.0,1320.0,1,b_2tfG4FBNLBCv3UMXh3kv7E
32,BLDG 2 - Partial Roof Framing Plan - Area 4,1,W,W21X44,27.1,44.0,1192.4,1,b_2E46EDi3HF6A7yomB57Obj
32,BLDG 2 - Partial Roof Framing Plan - Area 4,1,W,W21X44,30.09,44.0,1323.96,1,b_0d8s2AFLT8jOmsCnpTfyXe
32,BLDG 2 - Partial Roof Framing Plan - Area 4,1,W,W21X44,29.25,44.0,1287.0,1,b_0J246FV2b6xvarnl884ZkW
32,BLDG 2 - Partial Roof Framing Plan - Area 4,1,W,W21X44,30.0,44.0,1320.0,1,b_1Ki6e5zZvDIQlSpJ53M$zO
32,BLDG 2 - Partial Roof Framing Plan - Area 4,1,W,W16X31,30.0,31.0,930.0,1,b_1jfKz_vZT32gITftxVneAV
32,BLDG 2 - Partial Roof Framing Plan - Area 4,1,W,W16X26,35.0,26.0,910.0,1,b_23uQUtyUn3RgRNxTnNrobx
32,BLDG 2 - Partial Roof Framing Plan - Area 4,1,W,W14X30,13.2,30.0,396.0,1,b_02rVWTMSn2Lgmz6ccxccAj
32,BLDG 2 - Partial Roof Framing Plan - Area 4,1,W,W14X30,9.129999999999999,30.0,273.9,1,b_1M3XSwpUr9cQCNJ82AHW_a
32,BLDG 2 - Partial Roof Framing Plan - Area 4,1,W,W14X30,9.129999999999999,30.0,273.9,1,b_2KsEXmbpH3CwMHK$P2ANtR
32,BLDG 2 - Partial Roof Framing Plan - Area 4,1,W,W14X30,9.129999999999999,30.0,273.9,1,b_0ntxI1IHPFjQXuLKZpGviv
32,BLDG 2 - Partial Roof Framing Plan - Area 4,1,W,W14X30,9.129999999999999,30.0,273.9,1,b_0RbysjZibC99q0$W32fRwD
32,BLDG 2 - Partial Roof Framing Plan - Area 4,1,W,W14X30,9.129999999999999,30.0,273.9,1,b_2gBfpdicD8hu81V1Ps4poV
32,BLDG 2 - Partial Roof Framing Plan - Area 4,1,W,W14X30,10.360000000000001,30.0,310.8,1,b_1gPputU75FAxaybKK4EGn_
32,BLDG 2 - Partial Roof Framing Plan - Area 4,1,W,W14X30,10.5,30.0,315.0,1,b_0O7PdTgRz5RwLQwY1AtX3W
32,BLDG 2 - Partial Roof Framing Plan - Area 4,1,W,W14X30,10.28,30.0,308.4,1,b_1wKGtglp5DKh3HrrO11oGe
32,BLDG 2 - Partial Roof Framing Plan - Area 4,1,W,W14X30,10.1,30.0,303.0,1,b_0bEEq2HSz6Uxkzim5Tjd8B
32,BLDG 2 - Partial Roof Framing Plan - Area 4,1,W,W14X30,10.9,30.0,327.0,1,b_24jmy$Xnb7Xhr_EpVK9XoE
32,BLDG 2 - Partial Roof Framing Plan - Area 4,1,W,W14X30,13.3,30.0,399.0,1,b_0jN6uH_WPBfBkrM2uYKFcZ
32,BLDG 2 - Partial Roof Framing Plan - Area 4,1,W,W14X30,25.09,30.0,752.7,1,b_0TzS7Ro9zF9OZrCZ1meK0C
32,BLDG 2 - Partial Roof Framing Plan - Area 4,1,W,W14X30,25.09,30.0,752.7,1,b_2rrujEEqHBYO4Vl5uTTwB8
32,BLDG 2 - Partial Roof Framing Plan - Area 4,1,W,W12X14,18.900000000000002,14.0,264.6,1,b_2VBHbRvlr729nOb9hLszug
32,BLDG 2 - Partial Roof Framing Plan - Area 4,1,W,W10X22,6.0,22.0,132.0,1,b_1dHRNQ9yL4oQyU5ES$1Q4O
32,BLDG 2 - Partial Roof Framing Plan - Area 4,1,W,W10X22,6.0,22.0,132.0,1,b_28f6C1U2T9MOIwjCgxzvpt
32,BLDG 2 - Partial Roof Framing Plan - Area 4,1,W,W10X22,6.0,22.0,132.0,1,b_3ogZPiV_1CLvjW4texz7Gf
32,BLDG 2 - Partial Roof Framing Plan - Area 4,1,W,W10X22,4.08,22.0,89.76,1,b_08AvBvEGzBmR$k_NOXMkMp
32,BLDG 2 - Partial Roof Framing Plan - Area 4,1,W,W10X22,9.57,22.0,210.54,1,b_1_rHD3nbD1lwBaHF6HAJKy
32,BLDG 2 - Partial Roof Framing Plan - Area 4,1,W,W10X22,8.46,22.0,186.12,1,b_1ZOOj31W1ATf7mfX5o8SnJ
32,BLDG 2 - Partial Roof Framing Plan - Area 4,1,W,W10X22,7.890000000000001,22.0,173.58,1,b_3to9PesBvEUhYlHeLTuxxC
32,BLDG 2 - Partial Roof Framing Plan - Area 4,1,W,W10X22,7.94,22.0,174.68,1,b_34coNFYBr6yw3MC1DXfVLZ
32,BLDG 2 - Partial Roof Framing Plan - Area 4,1,W,W10X22,7.369999999999999,22.0,162.14,1,b_09gzg9yID5NRWvS$ax_kms
32,BLDG 2 - Partial Roof Framing Plan - Area 4,1,W,W10X22,6.26,22.0,137.72,1,b_0n2IKPWi99Bhw6D9_acM9a
32,BLDG 2 - Partial Roof Framing Plan - Area 4,1,W,W10X22,6.25,22.0,137.5,1,b_1rPy_wDIHEzed$J8CO88z6
32,BLDG 2 - Partial Roof Framing Plan - Area 4,1,W,W10X22,5.68,22.0,124.96,1,b_2yppPwPL5DpfQnb0gSG3ez
32,BLDG 2 - Partial Roof Framing Plan - Area 4,1,W,W10X22,5.11,22.0,112.42,1,b_2J5OZQqUD8AwVeRxVFLIkS
32,BLDG 2 - Partial Roof Framing Plan - Area 4,1,W,W10X22,4.55,22.0,100.1,1,b_3tQSLqDn14RQjYH$XGFufo
32,BLDG 2 - Partial Roof Framing Plan - Area 4,1,W,W10X22,7.1,22.0,156.2,1,b_1ICcTxKBv5luV8$lM70NKW
32,BLDG 2 - Partial Roof Framing Plan - Area 4,1,W,W10X22,5.54,22.0,121.88,1,b_1fO2OEHz11LfbPmw2ry9As
32,BLDG 2 - Partial Roof Framing Plan - Area 4,1,W,W10X22,4.58,22.0,100.76,1,b_3zR9dAOen3xP6L_SpDrpGD
32,BLDG 2 - Partial Roof Framing Plan - Area 4,1,W,W10X22,3.62,22.0,79.64,1,b_3q$9ZcUOf7$8Z3epJWZkgL
32,BLDG 2 - Partial Roof Framing Plan - Area 4,1,W,W10X22,3.27,22.0,71.94,1,b_0WhP0IFoL2cewQEnoAEOmR
32,BLDG 2 - Partial Roof Framing Plan - Area 4,1,W,W10X22,8.85,22.0,194.7,1,b_15EvcZ5qP6r9zeWw5a9UWh
32,BLDG 2 - Partial Roof Framing Plan - Area 4,1,W,W10X22,8.77,22.0,192.94,1,b_2DIibgk6PFVB8bRuPbeuPp
32,BLDG 2 - Partial Roof Framing Plan - Area 4,1,W,W10X22,6.109999999999999,22.0,134.42,1,b_2V2gEHzEH1pfj7Im8AZcL3
32,BLDG 2 - Partial Roof Framing Plan - Area 4,1,W,W10X22,5.98,22.0,131.56,1,b_1D0MACk7n2SAjeyUhhqn3k
32,BLDG 2 - Partial Roof Framing Plan - Area 4,1,W,W10X22,6.0,22.0,132.0,1,b_0SYIfMLd13YhARpmXqtXZ5
32,BLDG 2 - Partial Roof Framing Plan - Area 4,1,C,C12X30,6.0,30.0,180.0,1,b_0MhnjqgmLFGeQZsHMtkPXK
32,BLDG 2 - Partial Roof Framing Plan - Area 4,1,C,C12X30,6.02,30.0,180.6,1,b_1qnvu9I655qh930b_Sa3fq
32,BLDG 2 - Partial Roof Framing Plan - Area 4,1,C,C12X30,6.03,30.0,180.9,1,b_0NS36NWcTBKOIIKYoE3$PH
32,BLDG 2 - Partial Roof Framing Plan - Area 4,1,C,C12X30,6.02,30.0,180.6,1,b_2UlMMUW0zDVfphX25n__bY
32,BLDG 2 - Partial Roof Framing Plan - Area 4,1,C,C12X30,4.1,30.0,123.0,1,b_0MiXoIGd53A9wAx_e$eFQb
34,CEP Roof Framing Plan,1,W,W24X55,28.490000000000002,55.0,1566.95,1,b_1vKw5E1_r99QKmB$zmLaga
34,CEP Roof Framing Plan,1,W,W18X35,19.41,35.0,679.35,1,b_2fYcddVD53JOG_IiP4gA9Q
34,CEP Roof Framing Plan,1,W,W16X57,41.209999999999994,57.0,2348.97,1,b_28FN6IBj17hBrCsQnGovpn
34,CEP Roof Framing Plan,1,W,W16X57,33.81,57.0,1927.17,1,b_1YnczqOW18Huop$T4sjQuT
34,CEP Roof Framing Plan,1,W,W16X57,33.82,57.0,1927.74,1,b_2VRFcuspPAbgCaARqA5hzH
34,CEP Roof Framing Plan,1,W,W16X26,16.6,26.0,431.6,1,b_1RS4vQZBv0eRBjcMMQrXAT
34,CEP Roof Framing Plan,1,W,W16X26,16.6,26.0,431.6,1,b_3OzFUs_Wv9I9CyOiTlKmX_
34,CEP Roof Framing Plan,1,W,W16X26,16.6,26.0,431.6,1,b_31GUqse4DCGuCuf2MeAx3q
34,CEP Roof Framing Plan,1,W,W16X26,25.4,26.0,660.4,1,b_1P9jDx2N50_w62evZHlsLI
34,CEP Roof Framing Plan,1,W,W16X26,25.4,26.0,660.4,1,b_3WpN5fVA989euqM3OwoyPq
34,CEP Roof Framing Plan,1,W,W16X26,25.4,26.0,660.4,1,b_1BLu9124nFcBtLbaP8F8hK
34,CEP Roof Framing Plan,1,W,W16X26,9.67,26.0,251.42,1,b_3Ol50i$sn7$AzFmoRr2dLS
34,CEP Roof Framing Plan,1,W,W16X26,20.919999999999998,26.0,543.92,1,b_01letL5uz6N85NX2AoghoK
34,CEP Roof Framing Plan,1,W,W16X26,21.69,26.0,563.94,1,b_3Ie7EkGLjF4AAoTRBOzhTj
34,CEP Roof Framing Plan,1,W,W16X26,21.84,26.0,567.84,1,b_1zJknadKT1HfsNVZIVJ1CC
34,CEP Roof Framing Plan,1,W,W16X26,20.919999999999998,26.0,543.92,1,b_0au53Hx1bF7x25H2mtikJV
34,CEP Roof Framing Plan,1,W,W16X26,21.84,26.0,567.84,1,b_0lX0cS3G58uP0wc2W$m8L7
34,CEP Roof Framing Plan,1,W,W16X26,20.919999999999998,26.0,543.92,1,b_3FXRjhXELAB9a2gPNhSMvv
34,CEP Roof Framing Plan,1,W,W16X26,20.919999999999998,26.0,543.92,1,b_3KNhdH5R1EDxHM2B7$e4Co
34,CEP Roof Framing Plan,1,W,W16X26,21.69,26.0,563.94,1,b_2qqfDr8sf7jwk09Ui6kp2S
34,CEP Roof Framing Plan,1,W,W16X26,20.919999999999998,26.0,543.92,1,b_2TSHXy56j1xQ1oTFgXHRLK
34,CEP Roof Framing Plan,1,W,W16X26,21.69,26.0,563.94,1,b_13eVyNatr7buvGQaxjBSMH
34,CEP Roof Framing Plan,1,W,W16X26,20.919999999999998,26.0,543.92,1,b_2b5VfeY9PCGfu9XclVr6fn
34,CEP Roof Framing Plan,1,W,W16X26,21.69,26.0,563.94,1,b_0fSFuevqD8tAve1hZvTuQ8
34,CEP Roof Framing Plan,1,W,W16X26,20.919999999999998,26.0,543.92,1,b_2fhCbifqD5JB6ebcyBRI4b
34,CEP Roof Framing Plan,1,W,W16X26,20.919999999999998,26.0,543.92,1,b_3ChW4ApzbBAPma1cSXKMcZ
34,CEP Roof Framing Plan,1,W,W16X26,20.919999999999998,26.0,543.92,1,b_0QEhapDJrCwhJJxrUOWnkF
34,CEP Roof Framing Plan,1,W,W16X26,20.919999999999998,26.0,543.92,1,b_0ZNHunguLFwwo7$_WeI6xI
34,CEP Roof Framing Plan,1,W,W16X26,20.919999999999998,26.0,543.92,1,b_2FQ44KSCjDd8Tbo$LGDuOM
34,CEP Roof Framing Plan,1,W,W16X26,21.69,26.0,563.94,1,b_3cJsFsK0H7UAoYfVVCkrpl
34,CEP Roof Framing Plan,1,W,W16X26,21.69,26.0,563.94,1,b_3gIvZrTST3K99v1Lpcx7hO
34,CEP Roof Framing Plan,1,W,W16X26,21.69,26.0,563.94,1,b_3Q42HWhU9A_8VczlHLFRkF
34,CEP Roof Framing Plan,1,W,W16X26,21.69,26.0,563.94,1,b_0TdJB7gdn7SQDC7CN5j1cb
34,CEP Roof Framing Plan,1,W,W16X26,21.69,26.0,563.94,1,b_0_pvtwv3X9vA3i7umDSDdA
